:mode=update;;;;;;;;;;;;;;;;;;;;;;;;;;;;;;;;;;;;;;;;;;;;;;;;;;;;;;;;;;;;;;;
:IOInt;Group;Comment;Logged;EventLogged;EventLoggingPriority;RetentiveValue;RetentiveAlarmParameters;AlarmValueDeadband;AlarmDevDeadband;EngUnits;InitialValue;MinEU;MaxEU;Deadband;LogDeadband;LoLoAlarmState;LoLoAlarmValue;LoLoAlarmPri;LoAlarmState;LoAlarmValue;LoAlarmPri;HiAlarmState;HiAlarmValue;HiAlarmPri;HiHiAlarmState;HiHiAlarmValue;HiHiAlarmPri;MinorDevAlarmState;MinorDevAlarmValue;MinorDevAlarmPri;MajorDevAlarmState;MajorDevAlarmValue;MajorDevAlarmPri;DevTarget;ROCAlarmState;ROCAlarmValue;ROCAlarmPri;ROCTimeBase;MinRaw;MaxRaw;Conversion;AccessName;ItemUseTagname;ItemName;ReadOnly;AlarmComment;AlarmAckModel;LoLoAlarmDisable;LoAlarmDisable;HiAlarmDisable;HiHiAlarmDisable;MinDevAlarmDisable;MajDevAlarmDisable;RocAlarmDisable;LoLoAlarmInhibitor;LoAlarmInhibitor;HiAlarmInhibitor;HiHiAlarmInhibitor;MinDevAlarmInhibitor;MajDevAlarmInhibitor;RocAlarmInhibitor;SymbolicName;
TL0P01_A50T01_CMD;TankToTank;;No;No;0;No;No;0;0;;0;0;99999999;0;0;Off;0;1;Off;0;1;Off;0;1;Off;0;1;Off;0;1;Off;0;1;0;Off;0;1;Min;0;99999999;Linear;PLC03;No;TL0P01.Queue.Destination Obj.A50T01.Command.UI;No;;0;0;0;0;0;0;0;0;;;;;;;;;No
TL0P01_A50T01_HMI;TankToTank;;No;No;0;No;No;0;0;;0;0;99999999;0;0;Off;0;1;Off;0;1;Off;0;1;Off;0;1;Off;0;1;Off;0;1;0;Off;0;1;Min;0;99999999;Linear;PLC03;No;TL0P01.Queue.Destination Obj.A50T01.Status.UI;No;;0;0;0;0;0;0;0;0;;;;;;;;;No
TL0P01_A50T01_OrderNr;TankToTank;;No;No;0;No;No;0;0;;0;0;99999999;0;0;Off;0;1;Off;0;1;Off;0;1;Off;0;1;Off;0;1;Off;0;1;0;Off;0;1;Min;0;99999999;Linear;PLC03;No;TL0P01.Queue.Destination Obj.A50T01.Order Nr;No;;0;0;0;0;0;0;0;0;;;;;;;;;No
:IOInt;Group;Comment;Logged;EventLogged;EventLoggingPriority;RetentiveValue;RetentiveAlarmParameters;AlarmValueDeadband;AlarmDevDeadband;EngUnits;InitialValue;MinEU;MaxEU;Deadband;LogDeadband;LoLoAlarmState;LoLoAlarmValue;LoLoAlarmPri;LoAlarmState;LoAlarmValue;LoAlarmPri;HiAlarmState;HiAlarmValue;HiAlarmPri;HiHiAlarmState;HiHiAlarmValue;HiHiAlarmPri;MinorDevAlarmState;MinorDevAlarmValue;MinorDevAlarmPri;MajorDevAlarmState;MajorDevAlarmValue;MajorDevAlarmPri;DevTarget;ROCAlarmState;ROCAlarmValue;ROCAlarmPri;ROCTimeBase;MinRaw;MaxRaw;Conversion;AccessName;ItemUseTagname;ItemName;ReadOnly;AlarmComment;AlarmAckModel;LoLoAlarmDisable;LoAlarmDisable;HiAlarmDisable;HiHiAlarmDisable;MinDevAlarmDisable;MajDevAlarmDisable;RocAlarmDisable;LoLoAlarmInhibitor;LoAlarmInhibitor;HiAlarmInhibitor;HiHiAlarmInhibitor;MinDevAlarmInhibitor;MajDevAlarmInhibitor;RocAlarmInhibitor;SymbolicName;
TL0P01_A50T02_CMD;TankToTank;;No;No;0;No;No;0;0;;0;0;99999999;0;0;Off;0;1;Off;0;1;Off;0;1;Off;0;1;Off;0;1;Off;0;1;0;Off;0;1;Min;0;99999999;Linear;PLC03;No;TL0P01.Queue.Destination Obj.A50T02.Command.UI;No;;0;0;0;0;0;0;0;0;;;;;;;;;No
TL0P01_A50T02_HMI;TankToTank;;No;No;0;No;No;0;0;;0;0;99999999;0;0;Off;0;1;Off;0;1;Off;0;1;Off;0;1;Off;0;1;Off;0;1;0;Off;0;1;Min;0;99999999;Linear;PLC03;No;TL0P01.Queue.Destination Obj.A50T02.Status.UI;No;;0;0;0;0;0;0;0;0;;;;;;;;;No
TL0P01_A50T02_OrderNr;TankToTank;;No;No;0;No;No;0;0;;0;0;99999999;0;0;Off;0;1;Off;0;1;Off;0;1;Off;0;1;Off;0;1;Off;0;1;0;Off;0;1;Min;0;99999999;Linear;PLC03;No;TL0P01.Queue.Destination Obj.A50T02.Order Nr;No;;0;0;0;0;0;0;0;0;;;;;;;;;No
:IODisc;Group;Comment;Logged;EventLogged;EventLoggingPriority;RetentiveValue;InitialDisc;OffMsg;OnMsg;AlarmState;AlarmPri;DConversion;AccessName;ItemUseTagname;ItemName;ReadOnly;AlarmComment;AlarmAckModel;DSCAlarmDisable;DSCAlarmInhibitor;SymbolicName;;;;;;;;;;;;;;;;;;;;;;;;;;;;;;;;;;;;;;;;;;
TL0P01_CIP_Active;Past;;No;No;0;No;Off;;;None;1;Direct;PLC03;No;TL0P01.GLOBAL ACTIVE.CIP;No;CIP;0;0;;;No;;;;;;;;;;;;;;;;;;;;;;;;;;;;;;;;;;;;;;;;;
:IOInt;Group;Comment;Logged;EventLogged;EventLoggingPriority;RetentiveValue;RetentiveAlarmParameters;AlarmValueDeadband;AlarmDevDeadband;EngUnits;InitialValue;MinEU;MaxEU;Deadband;LogDeadband;LoLoAlarmState;LoLoAlarmValue;LoLoAlarmPri;LoAlarmState;LoAlarmValue;LoAlarmPri;HiAlarmState;HiAlarmValue;HiAlarmPri;HiHiAlarmState;HiHiAlarmValue;HiHiAlarmPri;MinorDevAlarmState;MinorDevAlarmValue;MinorDevAlarmPri;MajorDevAlarmState;MajorDevAlarmValue;MajorDevAlarmPri;DevTarget;ROCAlarmState;ROCAlarmValue;ROCAlarmPri;ROCTimeBase;MinRaw;MaxRaw;Conversion;AccessName;ItemUseTagname;ItemName;ReadOnly;AlarmComment;AlarmAckModel;LoLoAlarmDisable;LoAlarmDisable;HiAlarmDisable;HiHiAlarmDisable;MinDevAlarmDisable;MajDevAlarmDisable;RocAlarmDisable;LoLoAlarmInhibitor;LoAlarmInhibitor;HiAlarmInhibitor;HiHiAlarmInhibitor;MinDevAlarmInhibitor;MajDevAlarmInhibitor;RocAlarmInhibitor;SymbolicName;
TL0P01_CIP_Seq_Remtime;Past;;No;No;0;No;No;0;0;s;0;0;32000;0;0;Off;0;1;Off;0;1;Off;0;1;Off;0;1;Off;0;1;Off;0;1;0;Off;0;1;Min;0;32000;Linear;PLC03;No;TL0P01.CIP SEQ.RemTime;No;;0;0;0;0;0;0;0;0;;;;;;;;;No
TL0P01_CIP_Seq_StepNo;Past;;Yes;No;0;No;No;0;0;;0;0;50;0;0;Off;0;1;Off;0;1;Off;0;1;Off;0;1;Off;0;1;Off;0;1;0;Off;0;1;Min;0;50;Linear;PLC03;No;TL0P01.CIP SEQ.StepNo;No;;0;0;0;0;0;0;0;0;;;;;;;;;No
TL0P01_CIP_HMI;Past;;No;No;0;No;No;0;0;;0;0;32000;0;0;Off;0;1;Off;0;1;Off;0;1;Off;0;1;Off;0;1;Off;0;1;0;Off;0;1;Min;0;32000;Linear;PLC03;No;TL0P01.CIP PH.HMI STATUS.UI_Stat;No;CIP;0;0;0;0;0;0;0;0;;;;;;;;;No
TL0P01_CIP_OrderNo;Past;;No;No;0;No;No;0;0;;0;0;32000;0;0;Off;0;1;Off;0;1;Off;0;1;Off;0;1;Off;0;1;Off;0;1;0;Off;0;1;Min;0;32000;Linear;PLC03;No;TL0P01.CIP OrderNo;No;CIP;0;0;0;0;0;0;0;0;;;;;;;;;No
TL0P01_CIP_RecipeNo;Past;;No;No;0;No;No;0;0;;0;0;32000;0;0;Off;0;1;Off;0;1;Off;0;1;Off;0;1;Off;0;1;Off;0;1;0;Off;0;1;Min;0;32000;Linear;PLC03;No;TL0P01.CIP RecipeNo;No;CIP;0;0;0;0;0;0;0;0;;;;;;;;;No
:IOReal;Group;Comment;Logged;EventLogged;EventLoggingPriority;RetentiveValue;RetentiveAlarmParameters;AlarmValueDeadband;AlarmDevDeadband;EngUnits;InitialValue;MinEU;MaxEU;Deadband;LogDeadband;LoLoAlarmState;LoLoAlarmValue;LoLoAlarmPri;LoAlarmState;LoAlarmValue;LoAlarmPri;HiAlarmState;HiAlarmValue;HiAlarmPri;HiHiAlarmState;HiHiAlarmValue;HiHiAlarmPri;MinorDevAlarmState;MinorDevAlarmValue;MinorDevAlarmPri;MajorDevAlarmState;MajorDevAlarmValue;MajorDevAlarmPri;DevTarget;ROCAlarmState;ROCAlarmValue;ROCAlarmPri;ROCTimeBase;MinRaw;MaxRaw;Conversion;AccessName;ItemUseTagname;ItemName;ReadOnly;AlarmComment;AlarmAckModel;LoLoAlarmDisable;LoAlarmDisable;HiAlarmDisable;HiHiAlarmDisable;MinDevAlarmDisable;MajDevAlarmDisable;RocAlarmDisable;LoLoAlarmInhibitor;LoAlarmInhibitor;HiAlarmInhibitor;HiHiAlarmInhibitor;MinDevAlarmInhibitor;MajDevAlarmInhibitor;RocAlarmInhibitor;SymbolicName;
TL0P01_CIP_Seq_RemVol;Past;;No;No;0;No;No;0;0;l;0;0;32000;0;0;Off;0;1;Off;0;1;Off;0;1;Off;0;1;Off;0;1;Off;0;1;0;Off;0;1;Min;0;32000;Linear;PLC03;No;TL0P01.CIP SEQ.RemVol;No;;0;0;0;0;0;0;0;0;;;;;;;;;No
:IODisc;Group;Comment;Logged;EventLogged;EventLoggingPriority;RetentiveValue;InitialDisc;OffMsg;OnMsg;AlarmState;AlarmPri;DConversion;AccessName;ItemUseTagname;ItemName;ReadOnly;AlarmComment;AlarmAckModel;DSCAlarmDisable;DSCAlarmInhibitor;SymbolicName;;;;;;;;;;;;;;;;;;;;;;;;;;;;;;;;;;;;;;;;;;
TL0P01_AnyPhaseHeld;Past;;No;No;0;No;Off;;;None;1;Direct;PLC03;No;TL0P01.AnyPhaseHeld;No;;0;0;;;No;;;;;;;;;;;;;;;;;;;;;;;;;;;;;;;;;;;;;;;;;
TL0P01_AnyPhaseRunning;Past;;No;No;0;No;Off;;;None;1;Direct;PLC03;No;TL0P01.AnyPhaseRunning;No;;0;0;;;No;;;;;;;;;;;;;;;;;;;;;;;;;;;;;;;;;;;;;;;;;
:IOInt;Group;Comment;Logged;EventLogged;EventLoggingPriority;RetentiveValue;RetentiveAlarmParameters;AlarmValueDeadband;AlarmDevDeadband;EngUnits;InitialValue;MinEU;MaxEU;Deadband;LogDeadband;LoLoAlarmState;LoLoAlarmValue;LoLoAlarmPri;LoAlarmState;LoAlarmValue;LoAlarmPri;HiAlarmState;HiAlarmValue;HiAlarmPri;HiHiAlarmState;HiHiAlarmValue;HiHiAlarmPri;MinorDevAlarmState;MinorDevAlarmValue;MinorDevAlarmPri;MajorDevAlarmState;MajorDevAlarmValue;MajorDevAlarmPri;DevTarget;ROCAlarmState;ROCAlarmValue;ROCAlarmPri;ROCTimeBase;MinRaw;MaxRaw;Conversion;AccessName;ItemUseTagname;ItemName;ReadOnly;AlarmComment;AlarmAckModel;LoLoAlarmDisable;LoAlarmDisable;HiAlarmDisable;HiHiAlarmDisable;MinDevAlarmDisable;MajDevAlarmDisable;RocAlarmDisable;LoLoAlarmInhibitor;LoAlarmInhibitor;HiAlarmInhibitor;HiHiAlarmInhibitor;MinDevAlarmInhibitor;MajDevAlarmInhibitor;RocAlarmInhibitor;SymbolicName;
TL0P01_CIPStatus;Past;;No;No;0;No;No;0;0;;0;0;32768;0;0;Off;0;1;Off;0;1;Off;0;1;Off;0;1;Off;0;1;Off;0;1;0;Off;0;1;Min;0;32768;Linear;PLC03;No;TL0P01.Status.CIP_STATUS;No;;0;0;0;0;0;0;0;0;;;;;;;;;No
TL0P01_Global_CMD;Past;;No;No;0;No;No;0;0;;0;0;2147483600;0;0;Off;0;1;Off;0;1;Off;0;1;Off;0;1;Off;0;1;Off;0;1;0;Off;0;1;Min;0;2147483600;Linear;PLC03;No;TL0P01.GLOBAL CMD.CMD;No;;0;0;0;0;0;0;0;0;;;;;;;;;No
TL0P01_Global_EN_PB;Past;;No;No;0;No;No;0;0;;0;0;32000;0;0;Off;0;1;Off;0;1;Off;0;1;Off;0;1;Off;0;1;Off;0;1;0;Off;0;1;Min;0;32000;Linear;PLC03;No;TL0P01.GLOBAL EN PB.UI;No;;0;0;0;0;0;0;0;0;;;;;;;;;No
TL0P01_MaterialGroup;Past;;No;No;0;No;No;0;0;;0;0;99999999;0;0;Off;0;1;Off;0;1;Off;0;1;Off;0;1;Off;0;1;Off;0;1;0;Off;0;1;Min;0;99999999;Linear;PLC03;No;TL0P01.Status.Material Group;No;;0;0;0;0;0;0;0;0;;;;;;;;;No
TL0P01_MaterialID;Past;;No;No;0;No;No;0;0;;0;0;99999999;0;0;Off;0;1;Off;0;1;Off;0;1;Off;0;1;Off;0;1;Off;0;1;0;Off;0;1;Min;0;99999999;Linear;PLC03;No;TL0P01.Status.Material ID;No;;0;0;0;0;0;0;0;0;;;;;;;;;No
TL0P01_ProdStatus;Past;;No;No;0;No;No;0;0;;0;0;32768;0;0;Off;0;1;Off;0;1;Off;0;1;Off;0;1;Off;0;1;Off;0;1;0;Off;0;1;Min;0;32768;Linear;PLC03;No;TL0P01.Status.PROD_STATUS;No;;0;0;0;0;0;0;0;0;;;;;;;;;No
:IOReal;Group;Comment;Logged;EventLogged;EventLoggingPriority;RetentiveValue;RetentiveAlarmParameters;AlarmValueDeadband;AlarmDevDeadband;EngUnits;InitialValue;MinEU;MaxEU;Deadband;LogDeadband;LoLoAlarmState;LoLoAlarmValue;LoLoAlarmPri;LoAlarmState;LoAlarmValue;LoAlarmPri;HiAlarmState;HiAlarmValue;HiAlarmPri;HiHiAlarmState;HiHiAlarmValue;HiHiAlarmPri;MinorDevAlarmState;MinorDevAlarmValue;MinorDevAlarmPri;MajorDevAlarmState;MajorDevAlarmValue;MajorDevAlarmPri;DevTarget;ROCAlarmState;ROCAlarmValue;ROCAlarmPri;ROCTimeBase;MinRaw;MaxRaw;Conversion;AccessName;ItemUseTagname;ItemName;ReadOnly;AlarmComment;AlarmAckModel;LoLoAlarmDisable;LoAlarmDisable;HiAlarmDisable;HiHiAlarmDisable;MinDevAlarmDisable;MajDevAlarmDisable;RocAlarmDisable;LoLoAlarmInhibitor;LoAlarmInhibitor;HiAlarmInhibitor;HiHiAlarmInhibitor;MinDevAlarmInhibitor;MajDevAlarmInhibitor;RocAlarmInhibitor;SymbolicName;
TL0P01_CIPRemTime;Past;;No;No;0;No;No;0;0;;0;0;30000;0;0;Off;0;1;Off;0;1;Off;0;1;Off;0;1;Off;0;1;Off;0;1;0;Off;0;1;Min;0;30000;Linear;PLC03;No;TL0P01.Status.Remaining Time Cleaned;No;;0;0;0;0;0;0;0;0;;;;;;;;;No
TL0P01_ProdRemTime;Past;;No;No;0;No;No;0;0;;0;0;30000;0;0;Off;0;1;Off;0;1;Off;0;1;Off;0;1;Off;0;1;Off;0;1;0;Off;0;1;Min;0;30000;Linear;PLC03;No;TL0P01.Status.Remaining Time Product;No;;0;0;0;0;0;0;0;0;;;;;;;;;No
:IODisc;Group;Comment;Logged;EventLogged;EventLoggingPriority;RetentiveValue;InitialDisc;OffMsg;OnMsg;AlarmState;AlarmPri;DConversion;AccessName;ItemUseTagname;ItemName;ReadOnly;AlarmComment;AlarmAckModel;DSCAlarmDisable;DSCAlarmInhibitor;SymbolicName;;;;;;;;;;;;;;;;;;;;;;;;;;;;;;;;;;;;;;;;;;
TL0P01_ProdCirc_Active;Past;;No;No;0;No;Off;;;None;1;Direct;PLC03;No;TL0P01.GLOBAL ACTIVE.ProdCirc;No;ProdCirc;0;0;;;No;;;;;;;;;;;;;;;;;;;;;;;;;;;;;;;;;;;;;;;;;
:IOInt;Group;Comment;Logged;EventLogged;EventLoggingPriority;RetentiveValue;RetentiveAlarmParameters;AlarmValueDeadband;AlarmDevDeadband;EngUnits;InitialValue;MinEU;MaxEU;Deadband;LogDeadband;LoLoAlarmState;LoLoAlarmValue;LoLoAlarmPri;LoAlarmState;LoAlarmValue;LoAlarmPri;HiAlarmState;HiAlarmValue;HiAlarmPri;HiHiAlarmState;HiHiAlarmValue;HiHiAlarmPri;MinorDevAlarmState;MinorDevAlarmValue;MinorDevAlarmPri;MajorDevAlarmState;MajorDevAlarmValue;MajorDevAlarmPri;DevTarget;ROCAlarmState;ROCAlarmValue;ROCAlarmPri;ROCTimeBase;MinRaw;MaxRaw;Conversion;AccessName;ItemUseTagname;ItemName;ReadOnly;AlarmComment;AlarmAckModel;LoLoAlarmDisable;LoAlarmDisable;HiAlarmDisable;HiHiAlarmDisable;MinDevAlarmDisable;MajDevAlarmDisable;RocAlarmDisable;LoLoAlarmInhibitor;LoAlarmInhibitor;HiAlarmInhibitor;HiHiAlarmInhibitor;MinDevAlarmInhibitor;MajDevAlarmInhibitor;RocAlarmInhibitor;SymbolicName;
TL0P01_ProdCirc_Seq_Remtime;Past;;No;No;0;No;No;0;0;s;0;0;32000;0;0;Off;0;1;Off;0;1;Off;0;1;Off;0;1;Off;0;1;Off;0;1;0;Off;0;1;Min;0;32000;Linear;PLC03;No;TL0P01.ProdCirc SEQ.RemTime;No;;0;0;0;0;0;0;0;0;;;;;;;;;No
TL0P01_ProdCirc_Seq_StepNo;Past;;Yes;No;0;No;No;0;0;;0;0;50;0;0;Off;0;1;Off;0;1;Off;0;1;Off;0;1;Off;0;1;Off;0;1;0;Off;0;1;Min;0;50;Linear;PLC03;No;TL0P01.ProdCirc SEQ.StepNo;No;;0;0;0;0;0;0;0;0;;;;;;;;;No
TL0P01_ProdCirc_HMI;Past;;No;No;0;No;No;0;0;;0;0;32000;0;0;Off;0;1;Off;0;1;Off;0;1;Off;0;1;Off;0;1;Off;0;1;0;Off;0;1;Min;0;32000;Linear;PLC03;No;TL0P01.ProdCirc PH.HMI STATUS.UI_Stat;No;ProdCirc;0;0;0;0;0;0;0;0;;;;;;;;;No
:IOReal;Group;Comment;Logged;EventLogged;EventLoggingPriority;RetentiveValue;RetentiveAlarmParameters;AlarmValueDeadband;AlarmDevDeadband;EngUnits;InitialValue;MinEU;MaxEU;Deadband;LogDeadband;LoLoAlarmState;LoLoAlarmValue;LoLoAlarmPri;LoAlarmState;LoAlarmValue;LoAlarmPri;HiAlarmState;HiAlarmValue;HiAlarmPri;HiHiAlarmState;HiHiAlarmValue;HiHiAlarmPri;MinorDevAlarmState;MinorDevAlarmValue;MinorDevAlarmPri;MajorDevAlarmState;MajorDevAlarmValue;MajorDevAlarmPri;DevTarget;ROCAlarmState;ROCAlarmValue;ROCAlarmPri;ROCTimeBase;MinRaw;MaxRaw;Conversion;AccessName;ItemUseTagname;ItemName;ReadOnly;AlarmComment;AlarmAckModel;LoLoAlarmDisable;LoAlarmDisable;HiAlarmDisable;HiHiAlarmDisable;MinDevAlarmDisable;MajDevAlarmDisable;RocAlarmDisable;LoLoAlarmInhibitor;LoAlarmInhibitor;HiAlarmInhibitor;HiHiAlarmInhibitor;MinDevAlarmInhibitor;MajDevAlarmInhibitor;RocAlarmInhibitor;SymbolicName;
TL0P01_ProdCirc_Seq_RemVol;Past;;No;No;0;No;No;0;0;l;0;0;32000;0;0;Off;0;1;Off;0;1;Off;0;1;Off;0;1;Off;0;1;Off;0;1;0;Off;0;1;Min;0;32000;Linear;PLC03;No;TL0P01.ProdCirc SEQ.RemVol;No;;0;0;0;0;0;0;0;0;;;;;;;;;No
:IODisc;Group;Comment;Logged;EventLogged;EventLoggingPriority;RetentiveValue;InitialDisc;OffMsg;OnMsg;AlarmState;AlarmPri;DConversion;AccessName;ItemUseTagname;ItemName;ReadOnly;AlarmComment;AlarmAckModel;DSCAlarmDisable;DSCAlarmInhibitor;SymbolicName;;;;;;;;;;;;;;;;;;;;;;;;;;;;;;;;;;;;;;;;;;
TL0P01_Prod_Active;Past;;No;No;0;No;Off;;;None;1;Direct;PLC03;No;TL0P01.GLOBAL ACTIVE.Prod;No;Prod;0;0;;;No;;;;;;;;;;;;;;;;;;;;;;;;;;;;;;;;;;;;;;;;;
:IOInt;Group;Comment;Logged;EventLogged;EventLoggingPriority;RetentiveValue;RetentiveAlarmParameters;AlarmValueDeadband;AlarmDevDeadband;EngUnits;InitialValue;MinEU;MaxEU;Deadband;LogDeadband;LoLoAlarmState;LoLoAlarmValue;LoLoAlarmPri;LoAlarmState;LoAlarmValue;LoAlarmPri;HiAlarmState;HiAlarmValue;HiAlarmPri;HiHiAlarmState;HiHiAlarmValue;HiHiAlarmPri;MinorDevAlarmState;MinorDevAlarmValue;MinorDevAlarmPri;MajorDevAlarmState;MajorDevAlarmValue;MajorDevAlarmPri;DevTarget;ROCAlarmState;ROCAlarmValue;ROCAlarmPri;ROCTimeBase;MinRaw;MaxRaw;Conversion;AccessName;ItemUseTagname;ItemName;ReadOnly;AlarmComment;AlarmAckModel;LoLoAlarmDisable;LoAlarmDisable;HiAlarmDisable;HiHiAlarmDisable;MinDevAlarmDisable;MajDevAlarmDisable;RocAlarmDisable;LoLoAlarmInhibitor;LoAlarmInhibitor;HiAlarmInhibitor;HiHiAlarmInhibitor;MinDevAlarmInhibitor;MajDevAlarmInhibitor;RocAlarmInhibitor;SymbolicName;
TL0P01_Prod_Seq_Remtime;Past;;No;No;0;No;No;0;0;s;0;0;32000;0;0;Off;0;1;Off;0;1;Off;0;1;Off;0;1;Off;0;1;Off;0;1;0;Off;0;1;Min;0;32000;Linear;PLC03;No;TL0P01.Prod SEQ.RemTime;No;;0;0;0;0;0;0;0;0;;;;;;;;;No
TL0P01_Prod_Seq_StepNo;Past;;Yes;No;0;No;No;0;0;;0;0;50;0;0;Off;0;1;Off;0;1;Off;0;1;Off;0;1;Off;0;1;Off;0;1;0;Off;0;1;Min;0;50;Linear;PLC03;No;TL0P01.Prod SEQ.StepNo;No;;0;0;0;0;0;0;0;0;;;;;;;;;No
TL0P01_Prod_HMI;Past;;No;No;0;No;No;0;0;;0;0;32000;0;0;Off;0;1;Off;0;1;Off;0;1;Off;0;1;Off;0;1;Off;0;1;0;Off;0;1;Min;0;32000;Linear;PLC03;No;TL0P01.Prod PH.HMI STATUS.UI_Stat;No;Prod;0;0;0;0;0;0;0;0;;;;;;;;;No
:IOReal;Group;Comment;Logged;EventLogged;EventLoggingPriority;RetentiveValue;RetentiveAlarmParameters;AlarmValueDeadband;AlarmDevDeadband;EngUnits;InitialValue;MinEU;MaxEU;Deadband;LogDeadband;LoLoAlarmState;LoLoAlarmValue;LoLoAlarmPri;LoAlarmState;LoAlarmValue;LoAlarmPri;HiAlarmState;HiAlarmValue;HiAlarmPri;HiHiAlarmState;HiHiAlarmValue;HiHiAlarmPri;MinorDevAlarmState;MinorDevAlarmValue;MinorDevAlarmPri;MajorDevAlarmState;MajorDevAlarmValue;MajorDevAlarmPri;DevTarget;ROCAlarmState;ROCAlarmValue;ROCAlarmPri;ROCTimeBase;MinRaw;MaxRaw;Conversion;AccessName;ItemUseTagname;ItemName;ReadOnly;AlarmComment;AlarmAckModel;LoLoAlarmDisable;LoAlarmDisable;HiAlarmDisable;HiHiAlarmDisable;MinDevAlarmDisable;MajDevAlarmDisable;RocAlarmDisable;LoLoAlarmInhibitor;LoAlarmInhibitor;HiAlarmInhibitor;HiHiAlarmInhibitor;MinDevAlarmInhibitor;MajDevAlarmInhibitor;RocAlarmInhibitor;SymbolicName;
TL0P01_Prod_Seq_RemVol;Past;;No;No;0;No;No;0;0;l;0;0;32000;0;0;Off;0;1;Off;0;1;Off;0;1;Off;0;1;Off;0;1;Off;0;1;0;Off;0;1;Min;0;32000;Linear;PLC03;No;TL0P01.Prod SEQ.RemVol;No;;0;0;0;0;0;0;0;0;;;;;;;;;No
:IODisc;Group;Comment;Logged;EventLogged;EventLoggingPriority;RetentiveValue;InitialDisc;OffMsg;OnMsg;AlarmState;AlarmPri;DConversion;AccessName;ItemUseTagname;ItemName;ReadOnly;AlarmComment;AlarmAckModel;DSCAlarmDisable;DSCAlarmInhibitor;SymbolicName;;;;;;;;;;;;;;;;;;;;;;;;;;;;;;;;;;;;;;;;;;
TL0P01_Shutdown_Active;Past;;No;No;0;No;Off;;;None;1;Direct;PLC03;No;TL0P01.GLOBAL ACTIVE.Shutdown;No;Shutdown;0;0;;;No;;;;;;;;;;;;;;;;;;;;;;;;;;;;;;;;;;;;;;;;;
:IOInt;Group;Comment;Logged;EventLogged;EventLoggingPriority;RetentiveValue;RetentiveAlarmParameters;AlarmValueDeadband;AlarmDevDeadband;EngUnits;InitialValue;MinEU;MaxEU;Deadband;LogDeadband;LoLoAlarmState;LoLoAlarmValue;LoLoAlarmPri;LoAlarmState;LoAlarmValue;LoAlarmPri;HiAlarmState;HiAlarmValue;HiAlarmPri;HiHiAlarmState;HiHiAlarmValue;HiHiAlarmPri;MinorDevAlarmState;MinorDevAlarmValue;MinorDevAlarmPri;MajorDevAlarmState;MajorDevAlarmValue;MajorDevAlarmPri;DevTarget;ROCAlarmState;ROCAlarmValue;ROCAlarmPri;ROCTimeBase;MinRaw;MaxRaw;Conversion;AccessName;ItemUseTagname;ItemName;ReadOnly;AlarmComment;AlarmAckModel;LoLoAlarmDisable;LoAlarmDisable;HiAlarmDisable;HiHiAlarmDisable;MinDevAlarmDisable;MajDevAlarmDisable;RocAlarmDisable;LoLoAlarmInhibitor;LoAlarmInhibitor;HiAlarmInhibitor;HiHiAlarmInhibitor;MinDevAlarmInhibitor;MajDevAlarmInhibitor;RocAlarmInhibitor;SymbolicName;
TL0P01_Shutdown_Seq_Remtime;Past;;No;No;0;No;No;0;0;s;0;0;32000;0;0;Off;0;1;Off;0;1;Off;0;1;Off;0;1;Off;0;1;Off;0;1;0;Off;0;1;Min;0;32000;Linear;PLC03;No;TL0P01.Shutdown SEQ.RemTime;No;;0;0;0;0;0;0;0;0;;;;;;;;;No
TL0P01_Shutdown_Seq_StepNo;Past;;Yes;No;0;No;No;0;0;;0;0;50;0;0;Off;0;1;Off;0;1;Off;0;1;Off;0;1;Off;0;1;Off;0;1;0;Off;0;1;Min;0;50;Linear;PLC03;No;TL0P01.Shutdown SEQ.StepNo;No;;0;0;0;0;0;0;0;0;;;;;;;;;No
TL0P01_Shutdown_HMI;Past;;No;No;0;No;No;0;0;;0;0;32000;0;0;Off;0;1;Off;0;1;Off;0;1;Off;0;1;Off;0;1;Off;0;1;0;Off;0;1;Min;0;32000;Linear;PLC03;No;TL0P01.Shutdown PH.HMI STATUS.UI_Stat;No;Shutdown;0;0;0;0;0;0;0;0;;;;;;;;;No
:IOReal;Group;Comment;Logged;EventLogged;EventLoggingPriority;RetentiveValue;RetentiveAlarmParameters;AlarmValueDeadband;AlarmDevDeadband;EngUnits;InitialValue;MinEU;MaxEU;Deadband;LogDeadband;LoLoAlarmState;LoLoAlarmValue;LoLoAlarmPri;LoAlarmState;LoAlarmValue;LoAlarmPri;HiAlarmState;HiAlarmValue;HiAlarmPri;HiHiAlarmState;HiHiAlarmValue;HiHiAlarmPri;MinorDevAlarmState;MinorDevAlarmValue;MinorDevAlarmPri;MajorDevAlarmState;MajorDevAlarmValue;MajorDevAlarmPri;DevTarget;ROCAlarmState;ROCAlarmValue;ROCAlarmPri;ROCTimeBase;MinRaw;MaxRaw;Conversion;AccessName;ItemUseTagname;ItemName;ReadOnly;AlarmComment;AlarmAckModel;LoLoAlarmDisable;LoAlarmDisable;HiAlarmDisable;HiHiAlarmDisable;MinDevAlarmDisable;MajDevAlarmDisable;RocAlarmDisable;LoLoAlarmInhibitor;LoAlarmInhibitor;HiAlarmInhibitor;HiHiAlarmInhibitor;MinDevAlarmInhibitor;MajDevAlarmInhibitor;RocAlarmInhibitor;SymbolicName;
TL0P01_Shutdown_Seq_RemVol;Past;;No;No;0;No;No;0;0;l;0;0;32000;0;0;Off;0;1;Off;0;1;Off;0;1;Off;0;1;Off;0;1;Off;0;1;0;Off;0;1;Min;0;32000;Linear;PLC03;No;TL0P01.Shutdown SEQ.RemVol;No;;0;0;0;0;0;0;0;0;;;;;;;;;No
:IODisc;Group;Comment;Logged;EventLogged;EventLoggingPriority;RetentiveValue;InitialDisc;OffMsg;OnMsg;AlarmState;AlarmPri;DConversion;AccessName;ItemUseTagname;ItemName;ReadOnly;AlarmComment;AlarmAckModel;DSCAlarmDisable;DSCAlarmInhibitor;SymbolicName;;;;;;;;;;;;;;;;;;;;;;;;;;;;;;;;;;;;;;;;;;
TL0P01_Sterilization_Active;Past;;No;No;0;No;Off;;;None;1;Direct;PLC03;No;TL0P01.GLOBAL ACTIVE.Sterilization;No;Sterilization;0;0;;;No;;;;;;;;;;;;;;;;;;;;;;;;;;;;;;;;;;;;;;;;;
:IOInt;Group;Comment;Logged;EventLogged;EventLoggingPriority;RetentiveValue;RetentiveAlarmParameters;AlarmValueDeadband;AlarmDevDeadband;EngUnits;InitialValue;MinEU;MaxEU;Deadband;LogDeadband;LoLoAlarmState;LoLoAlarmValue;LoLoAlarmPri;LoAlarmState;LoAlarmValue;LoAlarmPri;HiAlarmState;HiAlarmValue;HiAlarmPri;HiHiAlarmState;HiHiAlarmValue;HiHiAlarmPri;MinorDevAlarmState;MinorDevAlarmValue;MinorDevAlarmPri;MajorDevAlarmState;MajorDevAlarmValue;MajorDevAlarmPri;DevTarget;ROCAlarmState;ROCAlarmValue;ROCAlarmPri;ROCTimeBase;MinRaw;MaxRaw;Conversion;AccessName;ItemUseTagname;ItemName;ReadOnly;AlarmComment;AlarmAckModel;LoLoAlarmDisable;LoAlarmDisable;HiAlarmDisable;HiHiAlarmDisable;MinDevAlarmDisable;MajDevAlarmDisable;RocAlarmDisable;LoLoAlarmInhibitor;LoAlarmInhibitor;HiAlarmInhibitor;HiHiAlarmInhibitor;MinDevAlarmInhibitor;MajDevAlarmInhibitor;RocAlarmInhibitor;SymbolicName;
TL0P01_Sterilization_Seq_Remtime;Past;;No;No;0;No;No;0;0;s;0;0;32000;0;0;Off;0;1;Off;0;1;Off;0;1;Off;0;1;Off;0;1;Off;0;1;0;Off;0;1;Min;0;32000;Linear;PLC03;No;TL0P01.Sterilization SEQ.RemTime;No;;0;0;0;0;0;0;0;0;;;;;;;;;No
TL0P01_Sterilization_Seq_StepNo;Past;;Yes;No;0;No;No;0;0;;0;0;50;0;0;Off;0;1;Off;0;1;Off;0;1;Off;0;1;Off;0;1;Off;0;1;0;Off;0;1;Min;0;50;Linear;PLC03;No;TL0P01.Sterilization SEQ.StepNo;No;;0;0;0;0;0;0;0;0;;;;;;;;;No
TL0P01_Sterilization_HMI;Past;;No;No;0;No;No;0;0;;0;0;32000;0;0;Off;0;1;Off;0;1;Off;0;1;Off;0;1;Off;0;1;Off;0;1;0;Off;0;1;Min;0;32000;Linear;PLC03;No;TL0P01.Sterilization PH.HMI STATUS.UI_Stat;No;Sterilization;0;0;0;0;0;0;0;0;;;;;;;;;No
:IOReal;Group;Comment;Logged;EventLogged;EventLoggingPriority;RetentiveValue;RetentiveAlarmParameters;AlarmValueDeadband;AlarmDevDeadband;EngUnits;InitialValue;MinEU;MaxEU;Deadband;LogDeadband;LoLoAlarmState;LoLoAlarmValue;LoLoAlarmPri;LoAlarmState;LoAlarmValue;LoAlarmPri;HiAlarmState;HiAlarmValue;HiAlarmPri;HiHiAlarmState;HiHiAlarmValue;HiHiAlarmPri;MinorDevAlarmState;MinorDevAlarmValue;MinorDevAlarmPri;MajorDevAlarmState;MajorDevAlarmValue;MajorDevAlarmPri;DevTarget;ROCAlarmState;ROCAlarmValue;ROCAlarmPri;ROCTimeBase;MinRaw;MaxRaw;Conversion;AccessName;ItemUseTagname;ItemName;ReadOnly;AlarmComment;AlarmAckModel;LoLoAlarmDisable;LoAlarmDisable;HiAlarmDisable;HiHiAlarmDisable;MinDevAlarmDisable;MajDevAlarmDisable;RocAlarmDisable;LoLoAlarmInhibitor;LoAlarmInhibitor;HiAlarmInhibitor;HiHiAlarmInhibitor;MinDevAlarmInhibitor;MajDevAlarmInhibitor;RocAlarmInhibitor;SymbolicName;
TL0P01_Sterilization_Seq_RemVol;Past;;No;No;0;No;No;0;0;l;0;0;32000;0;0;Off;0;1;Off;0;1;Off;0;1;Off;0;1;Off;0;1;Off;0;1;0;Off;0;1;Min;0;32000;Linear;PLC03;No;TL0P01.Sterilization SEQ.RemVol;No;;0;0;0;0;0;0;0;0;;;;;;;;;No
:IODisc;Group;Comment;Logged;EventLogged;EventLoggingPriority;RetentiveValue;InitialDisc;OffMsg;OnMsg;AlarmState;AlarmPri;DConversion;AccessName;ItemUseTagname;ItemName;ReadOnly;AlarmComment;AlarmAckModel;DSCAlarmDisable;DSCAlarmInhibitor;SymbolicName;;;;;;;;;;;;;;;;;;;;;;;;;;;;;;;;;;;;;;;;;;
TL0P01_WaterCirc_Active;Past;;No;No;0;No;Off;;;None;1;Direct;PLC03;No;TL0P01.GLOBAL ACTIVE.WaterCirc;No;WaterCirc;0;0;;;No;;;;;;;;;;;;;;;;;;;;;;;;;;;;;;;;;;;;;;;;;
:IOInt;Group;Comment;Logged;EventLogged;EventLoggingPriority;RetentiveValue;RetentiveAlarmParameters;AlarmValueDeadband;AlarmDevDeadband;EngUnits;InitialValue;MinEU;MaxEU;Deadband;LogDeadband;LoLoAlarmState;LoLoAlarmValue;LoLoAlarmPri;LoAlarmState;LoAlarmValue;LoAlarmPri;HiAlarmState;HiAlarmValue;HiAlarmPri;HiHiAlarmState;HiHiAlarmValue;HiHiAlarmPri;MinorDevAlarmState;MinorDevAlarmValue;MinorDevAlarmPri;MajorDevAlarmState;MajorDevAlarmValue;MajorDevAlarmPri;DevTarget;ROCAlarmState;ROCAlarmValue;ROCAlarmPri;ROCTimeBase;MinRaw;MaxRaw;Conversion;AccessName;ItemUseTagname;ItemName;ReadOnly;AlarmComment;AlarmAckModel;LoLoAlarmDisable;LoAlarmDisable;HiAlarmDisable;HiHiAlarmDisable;MinDevAlarmDisable;MajDevAlarmDisable;RocAlarmDisable;LoLoAlarmInhibitor;LoAlarmInhibitor;HiAlarmInhibitor;HiHiAlarmInhibitor;MinDevAlarmInhibitor;MajDevAlarmInhibitor;RocAlarmInhibitor;SymbolicName;
TL0P01_WaterCirc_Seq_Remtime;Past;;No;No;0;No;No;0;0;s;0;0;32000;0;0;Off;0;1;Off;0;1;Off;0;1;Off;0;1;Off;0;1;Off;0;1;0;Off;0;1;Min;0;32000;Linear;PLC03;No;TL0P01.WaterCirc SEQ.RemTime;No;;0;0;0;0;0;0;0;0;;;;;;;;;No
TL0P01_WaterCirc_Seq_StepNo;Past;;Yes;No;0;No;No;0;0;;0;0;50;0;0;Off;0;1;Off;0;1;Off;0;1;Off;0;1;Off;0;1;Off;0;1;0;Off;0;1;Min;0;50;Linear;PLC03;No;TL0P01.WaterCirc SEQ.StepNo;No;;0;0;0;0;0;0;0;0;;;;;;;;;No
TL0P01_WaterCirc_HMI;Past;;No;No;0;No;No;0;0;;0;0;32000;0;0;Off;0;1;Off;0;1;Off;0;1;Off;0;1;Off;0;1;Off;0;1;0;Off;0;1;Min;0;32000;Linear;PLC03;No;TL0P01.WaterCirc PH.HMI STATUS.UI_Stat;No;WaterCirc;0;0;0;0;0;0;0;0;;;;;;;;;No
:IOReal;Group;Comment;Logged;EventLogged;EventLoggingPriority;RetentiveValue;RetentiveAlarmParameters;AlarmValueDeadband;AlarmDevDeadband;EngUnits;InitialValue;MinEU;MaxEU;Deadband;LogDeadband;LoLoAlarmState;LoLoAlarmValue;LoLoAlarmPri;LoAlarmState;LoAlarmValue;LoAlarmPri;HiAlarmState;HiAlarmValue;HiAlarmPri;HiHiAlarmState;HiHiAlarmValue;HiHiAlarmPri;MinorDevAlarmState;MinorDevAlarmValue;MinorDevAlarmPri;MajorDevAlarmState;MajorDevAlarmValue;MajorDevAlarmPri;DevTarget;ROCAlarmState;ROCAlarmValue;ROCAlarmPri;ROCTimeBase;MinRaw;MaxRaw;Conversion;AccessName;ItemUseTagname;ItemName;ReadOnly;AlarmComment;AlarmAckModel;LoLoAlarmDisable;LoAlarmDisable;HiAlarmDisable;HiHiAlarmDisable;MinDevAlarmDisable;MajDevAlarmDisable;RocAlarmDisable;LoLoAlarmInhibitor;LoAlarmInhibitor;HiAlarmInhibitor;HiHiAlarmInhibitor;MinDevAlarmInhibitor;MajDevAlarmInhibitor;RocAlarmInhibitor;SymbolicName;
TL0P01_WaterCirc_Seq_RemVol;Past;;No;No;0;No;No;0;0;l;0;0;32000;0;0;Off;0;1;Off;0;1;Off;0;1;Off;0;1;Off;0;1;Off;0;1;0;Off;0;1;Min;0;32000;Linear;PLC03;No;TL0P01.WaterCirc SEQ.RemVol;No;;0;0;0;0;0;0;0;0;;;;;;;;;No
